asset_name,feed_type,feed_product,days_opened_avg
Gila Valley MLS,Data Feed Type - Member Initiated with MLS,IDX Feed,9
AdirondackChamplain Valley MLS,Data Feed Type - CWS Initiated with MLS,IDX Feed,6
Alaska Multiple Listing Service,Data Feed Type - Hard Copy Agreement,IDX Feed,3
All Jersey MLS (Central Jersey),Data Feed Type - Hard Copy Agreement,IDX Feed,29
Allegheny Highland Association of REALTORS,Data Feed Type - CWS Initiated with MLS,IDX Feed,27
Amarillo Association of REALTORS,Data Feed Type - CWS Initiated with MLS,IDX Feed,2
Amelia Island Nassau County Association of REA,Data Feed Type - Electronic Trestle Agreement,VOW Feed,18
Amelia Island Nassau County Association of REA,Data Feed Type - Electronic Trestle Agreement,IDX Feed,16
Arizona Regional Multiple Listing Service (ARMLSData,Feed Type - Hard Copy Agreement,IDX Feed,1
Arizona Regional Multiple Listing Service (ARMLSData,Feed Type - Hard Copy Agreement,Back Office Feed,3
Arizona Regional Multiple Listing Service (ARMLSData,Feed Type - CWS Initiated with MLS,Back Office Feed,15
Arizona Regional Multiple Listing Service (ARMLSData,Feed Type - CWS Initiated with MLS,VOW Feed,2
Arizona Regional Multiple Listing Service (ARMLSData,Feed Type - CWS Initiated with MLS,IDX Feed,1
Aspen Glenwood MLS,Data Feed Type - Hard Copy Agreement,IDX Feed,6
Athens County Board of REALTORS,Data Feed Type - CWS Initiated with MLS,IDX Feed,137
Austin Central Texas Realty Information Service,Data Feed Type - Electronic Grid Agreement,Back Office Feed,7
Austin Central Texas Realty Information Service,Data Feed Type - Electronic Grid Agreement,IDX Feed,13
Austin Central Texas Realty Information Service,Data Feed Type - Electronic Grid Agreement,VOW Feed,7
Badlands Board of REALTORS,Data Feed Type - CWS Initiated with MLS,IDX Feed,17
Bagnell Dam Association of REALTORS,Data Feed Type - Electronic Trestle Agreement,IDX Feed,5
Baldwin REALTORS,Data Feed Type - Member Initiated with MLS Portal,IDX Feed,9
Bay Area Real Estate Information Service (BAREISData,Feed Type - CWS Initiated with MLS,IDX Feed,2
Bay Area Real Estate Information Service (BAREISData,Feed Type - Hard Copy Agreement,VOW Feed,6
Bay Area Real Estate Information Service (BAREISData,Feed Type - CWS Initiated with MLS,VOW Feed,102
Bay East Association of Realtors,Data Feed Type - CWS Initiated with MLS,IDX Feed,1
BeachesMLS,Data Feed Type - Electronic Trestle Agreement,VOW Feed,21
BeachesMLS,Data Feed Type - Electronic Trestle Agreement,IDX Feed,6
BeachesMLS,Data Feed Type - Electronic Trestle Agreement,Back Office Feed,3
Beaumont Board of REALTORS,Data Feed Type - Member Initiated with MLS,IDX Feed,55
Beckley Board of REALTORS,Data Feed Type - CWS Initiated with MLS,IDX Feed,6
Beckley Board of REALTORS,Data Feed Type - CWS Initiated with MLS,Back Office Feed,343
Berkshire County Board of REALTORS,Data Feed Type - CWS Initiated with MLS,VOW Feed,11
Berkshire County Board of REALTORS,Data Feed Type - CWS Initiated with MLS,IDX Feed,14
Big Bear Association of REALTORS,Data Feed Type - Electronic Trestle Agreement,VOW Feed,6
Billings Multiple Listing Service,Data Feed Type - Hard Copy Agreement,IDX Feed,134
Billings Multiple Listing Service,Data Feed Type - Electronic Trestle Agreement,Back Office Feed,38
Billings Multiple Listing Service,Data Feed Type - Electronic Trestle Agreement,IDX Feed,12
Black Hills Association of REALTORS,Data Feed Type - Hard Copy Agreement,Back Office Feed,50
Black Hills Association of REALTORS,Data Feed Type - Hard Copy Agreement,IDX Feed,35
bridgeMLS,Data Feed Type - Hard Copy Agreement,IDX Feed,14
bridgeMLS,Data Feed Type - Hard Copy Agreement,Back Office Feed,136
Bright MLS,Data Feed Type - Hard Copy Agreement,IDX Feed,25
Bright MLS,Data Feed Type - Hard Copy Agreement,Back Office Feed,42
Bright MLS,Data Feed Type - Member Initiated with MLS,IDX Feed,4
Bright MLS,Data Feed Type - Member Initiated with MLS Portal,IDX Feed,8
Bright MLS,Data Feed Type - Hard Copy Agreement,VOW Feed,83
Brooklyn Board of REALTORS,Data Feed Type - Member Initiated with MLS,IDX Feed,18
BryanCollege Station Regional Multiple Listing SeData,Feed Type - Electronic Trestle Agreement,IDX Feed,5
Calaveras County Association of REALTORS,Data Feed Type - Hard Copy Agreement,VOW Feed,6
California Desert Association of REALTORS,Data Feed Type - Hard Copy Agreement,IDX Feed,2
California Desert Association of REALTORS,Data Feed Type - Hard Copy Agreement,Back Office Feed,5
California Regional Multiple Listing Service (CRMData,Feed Type - Hard Copy Agreement,VOW Feed,266
California Regional Multiple Listing Service (CRMData,Feed Type - Hard Copy Agreement,IDX Feed,3
Canadian Real Estate Association (CREA),Data Feed Type - Member Initiated with MLS Portal,IDX Feed,33
Canadian Real Estate Association (CREA),Data Feed Type - Hard Copy Agreement,IDX Feed,4
Canadian Real Estate Association (CREA),Data Feed Type - CWS Initiated with MLS,IDX Feed,1
Canopy MLS,Data Feed Type - Electronic Grid Agreement,IDX Feed,36
Canopy MLS,Data Feed Type - Electronic Grid Agreement,VOW Feed,110
Canopy MLS,Data Feed Type - Electronic Grid Agreement,Back Office Feed,210
Canopy MLS,Data Feed Type - Hard Copy Agreement,VOW Feed,13
Cape Cod & Islands Association of REALTORS,Data Feed Type - Hard Copy Agreement,VOW Feed,31
Cape Cod & Islands Association of REALTORS,Data Feed Type - Hard Copy Agreement,Back Office Feed,5
Cape Cod & Islands Association of REALTORS,Data Feed Type - Hard Copy Agreement,IDX Feed,12
Capital Area Technology & REALTOR Services,Data Feed Type - Electronic Trestle Agreement,IDX Feed,11
Capital Area Technology & REALTOR Services,Data Feed Type - CWS Initiated with MLS,Back Office Feed,41
Capital Area Technology & REALTOR Services,Data Feed Type - CWS Initiated with MLS,IDX Feed,31
Carolina Smokies Association of REALTORS,Data Feed Type - Member Initiated with MLS,Back Office Feed,479
Carpet Capital Association of REALTORS,Data Feed Type - CWS Initiated with MLS,IDX Feed,5
Cedar Rapids Area Association of REALTORS,Data Feed Type - Electronic Trestle Agreement,Back Office Feed,4
Cedar Rapids Area Association of REALTORS,Data Feed Type - Electronic Trestle Agreement,IDX Feed,6
Central Illinois Board of Realtors,Data Feed Type - Electronic Trestle Agreement,IDX Feed,10
Central Iowa Board of REALTORS,Data Feed Type - CWS Initiated with MLS,Back Office Feed,63
Central Iowa Board of REALTORS,Data Feed Type - CWS Initiated with MLS,IDX Feed,47
Central New York Information Services,Data Feed Type - Electronic Trestle Agreement,IDX Feed,13
Central New York Information Services,Data Feed Type - Electronic Trestle Agreement,Back Office Feed,25
Central New York Information Services,Data Feed Type - Electronic Trestle Agreement,VOW Feed,213
Central Oregon Association of REALTORS,Data Feed Type - CWS Initiated with MLS,Back Office Feed,7
Central Oregon Association of REALTORS,Data Feed Type - CWS Initiated with MLS,IDX Feed,51
Central Panhandle Association of REALTORS,Data Feed Type - Electronic Trestle Agreement,VOW Feed,30
Central Panhandle Association of REALTORS,Data Feed Type - Electronic Grid Agreement,IDX Feed,2
Central Susquehanna Valley Board of REALTORS,Data Feed Type - Hard Copy Agreement,Back Office Feed,450
Central Susquehanna Valley Board of REALTORS,Data Feed Type - CWS Initiated with MLS,IDX Feed,15
Central Texas MLS (CTXMLS),Data Feed Type - Electronic Trestle Agreement,Back Office Feed,2
Central Texas MLS (CTXMLS),Data Feed Type - Electronic Trestle Agreement,IDX Feed,2
Central Texas MLS (CTXMLS),Data Feed Type - Hard Copy Agreement,Back Office Feed,6
Central Virginia Regional MLS,Data Feed Type - Electronic Trestle Agreement,IDX Feed,3
Central Virginia Regional MLS,Data Feed Type - Electronic Trestle Agreement,Back Office Feed,24
Central West Tennessee Association of REALTORData,Feed Type - CWS Initiated with MLS,Back Office Feed,51
Central West Tennessee Association of REALTORData,Feed Type - CWS Initiated with MLS,IDX Feed,10
Central West Tennessee Association of REALTORData,Feed Type - CWS Initiated with MLS,VOW Feed,38
Central Wisconsin Board of REALTORS,Data Feed Type - Hard Copy Agreement,Back Office Feed,7
Central Wisconsin Board of REALTORS,Data Feed Type - Member Initiated with MLS,IDX Feed,57
Charlottesville Area Association of REALTORS,Data Feed Type - Hard Copy Agreement,IDX Feed,20
Cheyenne Board of REALTORS,Data Feed Type - Hard Copy Agreement,VOW Feed,15
CHS Regional MLS,Data Feed Type - Hard Copy Agreement,IDX Feed,56
CHS Regional MLS,Data Feed Type - Hard Copy Agreement,Back Office Feed,53
Coastal Carolinas Association of REALTORS,Data Feed Type - Hard Copy Agreement,Back Office Feed,430
Coastal Carolinas Association of REALTORS,Data Feed Type - Hard Copy Agreement,IDX Feed,52
Coastal Carolinas Association of REALTORS,Data Feed Type - CWS Initiated with MLS,IDX Feed,13
Coeur d'Alene Multiple Listing Service,Data Feed Type - CWS Initiated with MLS,Back Office Feed,19
Coeur d'Alene Multiple Listing Service,Data Feed Type - CWS Initiated with MLS,VOW Feed,36
Coeur d'Alene Multiple Listing Service,Data Feed Type - CWS Initiated with MLS,IDX Feed,8
Columbia Board of REALTORS,Data Feed Type - CWS Initiated with MLS,IDX Feed,6
Columbia Greene Northern Dutchess MLS,Data Feed Type - Hard Copy Agreement,IDX Feed,40
Columbus and Central Ohio Regional MLS,Data Feed Type - CWS Initiated with MLS,Back Office Feed,15
Columbus and Central Ohio Regional MLS,Data Feed Type - Member Initiated with MLS,Back Office Feed,43
Columbus and Central Ohio Regional MLS,Data Feed Type - Hard Copy Agreement,VOW Feed,213
Columbus Board of REALTORS (GA),Data Feed Type - CWS Initiated with MLS,IDX Feed,13
Commercial and Industrial Real Estate Brokers (CData,Feed Type - CWS Initiated with MLS,IDX Feed,23
Conejo Simi Moorpark Association of REALTORS,Data Feed Type - Hard Copy Agreement,IDX Feed,161
Conejo Simi Moorpark Association of REALTORS,Data Feed Type - Hard Copy Agreement,VOW Feed,30
Consolidated MLS (Columbia MLS),Data Feed Type - Hard Copy Agreement,IDX Feed,14
Consolidated MLS (Columbia MLS),Data Feed Type - Hard Copy Agreement,Back Office Feed,42
Cooperative Arkansas REALTORS MLS,Data Feed Type - Hard Copy Agreement,IDX Feed,11
Dayton REALTORS,Data Feed Type - Electronic Trestle Agreement,IDX Feed,4
Daytona Beach Area Association of REALTORS,Data Feed Type - CWS Initiated with MLS,IDX Feed,2
Daytona Beach Area Association of REALTORS,Data Feed Type - CWS Initiated with MLS,VOW Feed,5
Des Moines Area Association of REALTORS,Data Feed Type - Electronic Trestle Agreement,Back Office Feed,12
Des Moines Area Association of REALTORS,Data Feed Type - Electronic Trestle Agreement,IDX Feed,2
Doorify MLS (fomerly Triangle MLS),Data Feed Type - Member Initiated with MLS Portal,Back Office Feed,38
Doorify MLS (fomerly Triangle MLS),Data Feed Type - Member Initiated with MLS Portal,IDX Feed,18
Dothan Multiple Listing Service,Data Feed Type - Member Initiated with MLS,IDX Feed,24
East Central Iowa Association of REALTORS,Data Feed Type - Hard Copy Agreement,Back Office Feed,77
East Central Iowa Association of REALTORS,Data Feed Type - Hard Copy Agreement,IDX Feed,100
East Tennessee Realtors (Knoxville),Data Feed Type - CWS Initiated with MLS,IDX Feed,21
East Tennessee Realtors (Knoxville),Data Feed Type - CWS Initiated with MLS,Back Office Feed,97
East Tennessee Realtors (Knoxville),Data Feed Type - Hard Copy Agreement,IDX Feed,382
Eastern Arkansas Realtors Association,Data Feed Type - CWS Initiated with MLS,IDX Feed,14
Eastern Shore Association of REALTORS,Data Feed Type - CWS Initiated with MLS,IDX Feed,11
ElmiraCorning Regional Association of REALTORSData,Feed Type - Member Initiated with MLS,IDX Feed,83
Emerald Coast Association of REALTORS,Data Feed Type - Member Initiated with MLS Portal,IDX Feed,16
FargoMoorhead Area Association of REALTORS,Data Feed Type - Hard Copy Agreement,IDX Feed,51
Firelands Association of REALTORS,Data Feed Type - Member Initiated with MLS Portal,VOW Feed,424
Firelands Association of REALTORS,Data Feed Type - Member Initiated with MLS Portal,IDX Feed,26
First Multiple Listing Service (FMLS),Data Feed Type - Member Initiated with MLS Portal,Back Office Feed,43
First Multiple Listing Service (FMLS),Data Feed Type - Member Initiated with MLS Portal,IDX Feed,16
First Multiple Listing Service (FMLS),Data Feed Type - Member Initiated with MLS Portal,VOW Feed,34
First Multiple Listing Service (FMLS),Data Feed Type - Member Initiated with MLS,IDX Feed,14
Flint Hills Association of REALTORS,Data Feed Type - Electronic Grid Agreement,IDX Feed,8
Florida Gulf Coast Multiple Listing Service,Data Feed Type - Electronic Trestle Agreement,IDX Feed,95
Florida Keys Board of REALTORS,Data Feed Type - Hard Copy Agreement,VOW Feed,18
Florida Keys Board of REALTORS,Data Feed Type - Hard Copy Agreement,IDX Feed,8
Fort Smith Board of REALTORS,Data Feed Type - Electronic Trestle Agreement,IDX Feed,12
Garden City MLS,Data Feed Type - Electronic Trestle Agreement,IDX Feed,5
Garden State MLS,Data Feed Type - Member Initiated with MLS,IDX Feed,13
Garden State MLS,Data Feed Type - Member Initiated with MLS Portal,IDX Feed,4
Garden State MLS,Data Feed Type - Member Initiated with MLS Portal,VOW Feed,28
Georgia MLS,Data Feed Type - Hard Copy Agreement,IDX Feed,19
Georgia MLS,Data Feed Type - Hard Copy Agreement,Back Office Feed,9
Global MLS,Data Feed Type - Hard Copy Agreement,IDX Feed,110
Golden Isles Association of REALTORS,Data Feed Type - Electronic Trestle Agreement,IDX Feed,40
Golden Triangle Association of REALTORS,Data Feed Type - CWS Initiated with MLS,IDX Feed,3
Grand County Board of REALTORS,Data Feed Type - CWS Initiated with MLS,IDX Feed,146
Grand Forks Area Association of REALTORS,Data Feed Type - CWS Initiated with MLS,Back Office Feed,63
Grand Forks Area Association of REALTORS,Data Feed Type - CWS Initiated with MLS,IDX Feed,18
Grand Forks Area Association of REALTORS,Data Feed Type - Member Initiated with MLS,IDX Feed,49
Grand Junction Area REALTOR Association,Data Feed Type - Electronic Trestle Agreement,IDX Feed,7
Great North MLS,Data Feed Type - CWS Initiated with MLS,IDX Feed,29
Great Plains MLS (KS),Data Feed Type - Member Initiated with MLS,IDX Feed,6
Great Plains Regional MLS,Data Feed Type - Member Initiated with MLS,IDX Feed,26
Great Plains Regional MLS,Data Feed Type - Member Initiated with MLS,Back Office Feed,26
Great Smoky Mountains Association of REALTORData,Feed Type - CWS Initiated with MLS,IDX Feed,8
Greater Alabama MLS,Data Feed Type - Hard Copy Agreement,IDX Feed,8
Greater Antelope Valley Association of REALTORData,Feed Type - Hard Copy Agreement,IDX Feed,12
Greater Antelope Valley Association of REALTORData,Feed Type - CWS Initiated with MLS,IDX Feed,7
Greater Augusta Association of REALTORS,Data Feed Type - CWS Initiated with MLS,Back Office Feed,457
Greater Augusta Association of REALTORS,Data Feed Type - CWS Initiated with MLS,IDX Feed,27
Greater Baton Rouge Association of REALTORS,Data Feed Type - Member Initiated with MLS Portal,Back Office Feed,303
Greater Baton Rouge Association of REALTORS,Data Feed Type - Electronic Trestle Agreement,VOW Feed,197
Greater Baton Rouge Association of REALTORS,Data Feed Type - Member Initiated with MLS Portal,IDX Feed,35
Greater Binghamton Association of REALTORS,Data Feed Type - Electronic Trestle Agreement,VOW Feed,21
Greater Binghamton Association of REALTORS,Data Feed Type - Electronic Trestle Agreement,IDX Feed,21
Greater Chattanooga Association of REALTORS,Data Feed Type - Hard Copy Agreement,VOW Feed,27
Greater Chattanooga Association of REALTORS,Data Feed Type - CWS Initiated with MLS,IDX Feed,23
Greater Chattanooga Association of REALTORS,Data Feed Type - CWS Initiated with MLS,VOW Feed,17
Greater Chattanooga Association of REALTORS,Data Feed Type - CWS Initiated with MLS,Back Office Feed,20
Greater El Paso Association of REALTORS,Data Feed Type - Hard Copy Agreement,IDX Feed,7
Greater El Paso Association of REALTORS,Data Feed Type - Hard Copy Agreement,Back Office Feed,13
Greater Erie Board of REALTORS MLS,Data Feed Type - Electronic Trestle Agreement,IDX Feed,15
Greater Fort Polk Area REALTORS,Data Feed Type - Hard Copy Agreement,IDX Feed,13
Greater Greenville Association of REALTORS,Data Feed Type - Member Initiated with MLS Portal,IDX Feed,46
Greater Greenville Association of REALTORS,Data Feed Type - Member Initiated with MLS Portal,Back Office Feed,42
Greater Lehigh Valley REALTORS,Data Feed Type - Hard Copy Agreement,IDX Feed,71
Greater Louisville Association of REALTORS,Data Feed Type - CWS Initiated with MLS,VOW Feed,17
Greater Louisville Association of REALTORS,Data Feed Type - CWS Initiated with MLS,IDX Feed,18
Greater Louisville Association of REALTORS,Data Feed Type - CWS Initiated with MLS,Back Office Feed,3
Greater Mason City Board of REALTORS,Data Feed Type - Hard Copy Agreement,IDX Feed,6
Greater Mason City Board of REALTORS,Data Feed Type - Hard Copy Agreement,Back Office Feed,7
Greater McAllen Association of REALTORS,Data Feed Type - Member Initiated with MLS,IDX Feed,10
Greater Northwoods MLS,Data Feed Type - Electronic Trestle Agreement,IDX Feed,5
Greater Pocatello Association of REALTORS,Data Feed Type - Hard Copy Agreement,Back Office Feed,119
Greater Pocatello Association of REALTORS,Data Feed Type - Member Initiated with MLS,IDX Feed,398
Greater Scranton Board of REALTORS,Data Feed Type - Electronic Grid Agreement,IDX Feed,22
Greater Scranton Board of REALTORS,Data Feed Type - Electronic Grid Agreement,Back Office Feed,11
Greater Southern MLS,Data Feed Type - Electronic Trestle Agreement,IDX Feed,13
Greater Tyler Association of REALTORS,Data Feed Type - Hard Copy Agreement,IDX Feed,18
Greater Tyler Association of REALTORS,Data Feed Type - Hard Copy Agreement,Back Office Feed,60
Greenbrier Valley Board of REALTORS,Data Feed Type - Hard Copy Agreement,IDX Feed,53
Greenbrier Valley Board of REALTORS,Data Feed Type - Member Initiated with MLS,IDX Feed,349
Gulf Coast MLS,Data Feed Type - Member Initiated with MLS Portal,IDX Feed,28
Gulf South Real Estate Information Network,Data Feed Type - Electronic Trestle Agreement,IDX Feed,33
Hattiesburg Area Association of REALTORS,Data Feed Type - CWS Initiated with MLS,IDX Feed,19
Hawaii Information Service,Data Feed Type - Hard Copy Agreement,IDX Feed,16
Hawaii Information Service,Data Feed Type - CWS Initiated with MLS,IDX Feed,7
Hawaii Information Service,Data Feed Type - Member Initiated with MLS,IDX Feed,3
Heart of Kentucky Association of REALTORS,Data Feed Type - Hard Copy Agreement,IDX Feed,35
Heart of Missouri Board of REALTORS,Data Feed Type - CWS Initiated with MLS,IDX Feed,3
Heartland Association of REALTORS,Data Feed Type - Electronic Trestle Agreement,IDX Feed,42
Heartland MLS,Data Feed Type - Electronic Grid Agreement,Back Office Feed,257
Heartland MLS,Data Feed Type - Electronic Grid Agreement,IDX Feed,22
Hernando County Association of REALTORS,Data Feed Type - CWS Initiated with MLS,VOW Feed,50
Hernando County Association of REALTORS,Data Feed Type - CWS Initiated with MLS,Back Office Feed,8
Hernando County Association of REALTORS,Data Feed Type - CWS Initiated with MLS,IDX Feed,4
Hernando County Association of REALTORS,Data Feed Type - Hard Copy Agreement,VOW Feed,32
Hicentral MLS,Data Feed Type - Electronic Trestle Agreement,IDX Feed,10
High Country Association of REALTORS,Data Feed Type - Electronic Trestle Agreement,IDX Feed,1
HighlandsCashiers Board of REALTORS,Data Feed Type - Electronic Trestle Agreement,IDX Feed,3
HighlandsCashiers Board of REALTORS,Data Feed Type - CWS Initiated with MLS,IDX Feed,24
HighlandsCashiers Board of REALTORS,Data Feed Type - Electronic Trestle Agreement,Back Office Feed,1
Hinesville Area Board of REALTORS,Data Feed Type - Member Initiated with MLS,IDX Feed,53
Hinesville Area Board of REALTORS,Data Feed Type - CWS Initiated with MLS,Back Office Feed,21
Hinesville Area Board of REALTORS,Data Feed Type - CWS Initiated with MLS,IDX Feed,11
Houston Association of REALTORS,Data Feed Type - CWS Initiated with MLS,IDX Feed,14
Houston Association of REALTORS,Data Feed Type - Hard Copy Agreement,IDX Feed,1
Hudson County MLS,Data Feed Type - Hard Copy Agreement,IDX Feed,21
Hudson Valley Catskills Region MLS (Ulster CountData,Feed Type - CWS Initiated with MLS,IDX Feed,5
Hudson Valley Catskills Region MLS (Ulster CountData,Feed Type - Hard Copy Agreement,VOW Feed,210
Humboldt Association of REALTORS,Data Feed Type - Hard Copy Agreement,Back Office Feed,38
Huron Board of Realtors,Data Feed Type - CWS Initiated with MLS,IDX Feed,16
Imagine MLS (Bluegrass Realtors),Data Feed Type - CWS Initiated with MLS,IDX Feed,2
Imagine MLS (Bluegrass Realtors),Data Feed Type - CWS Initiated with MLS,Back Office Feed,25
Imperial County Association of REALTORS,Data Feed Type - Hard Copy Agreement,Back Office Feed,22
Imperial County Association of REALTORS,Data Feed Type - Hard Copy Agreement,IDX Feed,22
Indiana Regional MLS,Data Feed Type - Hard Copy Agreement,IDX Feed,129
Information and Real Estate Services (IRES),Data Feed Type - Member Initiated with MLS Portal,Back Office Feed,1
Information and Real Estate Services (IRES),Data Feed Type - Hard Copy Agreement,IDX Feed,49
Information and Real Estate Services (IRES),Data Feed Type - Member Initiated with MLS Portal,IDX Feed,10
Information Technology Systems Ontario (ITSO),Data Feed Type - Member Initiated with MLS Portal,IDX Feed,10
Information Technology Systems Ontario (ITSO),Data Feed Type - Member Initiated with MLS Portal,Back Office Feed,4
Intermountain Multiple Listing Service,Data Feed Type - Member Initiated with MLS Portal,IDX Feed,7
Iowa City Area Association of REALTORS,Data Feed Type - CWS Initiated with MLS,Back Office Feed,47
Iowa City Area Association of REALTORS,Data Feed Type - Hard Copy Agreement,IDX Feed,41
Iowa Great Lakes Board of REALTORS,Data Feed Type - CWS Initiated with MLS,Back Office Feed,13
Iowa Great Lakes Board of REALTORS,Data Feed Type - Hard Copy Agreement,IDX Feed,13
Ithaca Board of REALTORS,Data Feed Type - Electronic Trestle Agreement,IDX Feed,6
Jefferson City Area Board of REALTORS,Data Feed Type - CWS Initiated with MLS,IDX Feed,6
Jefferson City Area Board of REALTORS,Data Feed Type - Hard Copy Agreement,IDX Feed,16
Jefferson City Area Board of REALTORS,Data Feed Type - CWS Initiated with MLS,Back Office Feed,63
Lake Martin Area Association of REALTORS,Data Feed Type - CWS Initiated with MLS,IDX Feed,24
Lake of the Ozarks Board of REALTORS MLS,Data Feed Type - Electronic Trestle Agreement,IDX Feed,59
Lakeway Area Association of REALTORS,Data Feed Type - CWS Initiated with MLS,Back Office Feed,65
Laramie Board of REALTORS MLS,Data Feed Type - Member Initiated with MLS,IDX Feed,24
Laredo Association of REALTORS,Data Feed Type - Member Initiated with MLS,IDX Feed,46
Las Vegas REALTORS,Data Feed Type - Electronic Trestle Agreement,IDX Feed,11
Las Vegas REALTORS,Data Feed Type - Electronic Trestle Agreement,Back Office Feed,13
Lawrence Board of REALTORS,Data Feed Type - Electronic Grid Agreement,Back Office Feed,36
Lee County Association of REALTORS,Data Feed Type - Electronic Trestle Agreement,IDX Feed,19
Lincoln County Board of REALTORS MLS,Data Feed Type - Hard Copy Agreement,Back Office Feed,19
Longleaf Pine REALTORS,Data Feed Type - Electronic Trestle Agreement,IDX Feed,37
Longleaf Pine REALTORS,Data Feed Type - Electronic Trestle Agreement,Back Office Feed,37
Longview Area Association of REALTORS,Data Feed Type - Member Initiated with MLS,IDX Feed,67
Longview Area Association of REALTORS,Data Feed Type - Member Initiated with MLS Portal,IDX Feed,47
Longview Area Association of REALTORS,Data Feed Type - Hard Copy Agreement,IDX Feed,6
Lowcountry Regional MLS,Data Feed Type - CWS Initiated with MLS,IDX Feed,37
Lowcountry Regional MLS,Data Feed Type - CWS Initiated with MLS,Back Office Feed,20
Lubbock Association of REALTORS,Data Feed Type - Hard Copy Agreement,Back Office Feed,15
Lubbock Association of REALTORS,Data Feed Type - Hard Copy Agreement,IDX Feed,9
Lufkin Association of REALTORS,Data Feed Type - Member Initiated with MLS,IDX Feed,4
Luzerne County Association of REALTORS,Data Feed Type - Hard Copy Agreement,IDX Feed,244
Lynchburg Association of REALTORS,Data Feed Type - Hard Copy Agreement,IDX Feed,34
Maine Listings,Data Feed Type - Hard Copy Agreement,IDX Feed,11
Mansfield Board of REALTORS,Data Feed Type - CWS Initiated with MLS,IDX Feed,6
Marathon and Lower Keys Association of REALT,Data Feed Type - Hard Copy Agreement,IDX Feed,438
Marco Island Area Association of REALTORS,Data Feed Type - Hard Copy Agreement,VOW Feed,18
MARIS MLS,Data Feed Type - Electronic Grid Agreement,Back Office Feed,31
MARIS MLS,Data Feed Type - Electronic Grid Agreement,IDX Feed,8
Martin County REALTORS of the Treasure Coast,Data Feed Type - Electronic Trestle Agreement,IDX Feed,3
Martin County REALTORS of the Treasure Coast,Data Feed Type - Electronic Trestle Agreement,VOW Feed,3
Memphis Area Association of REALTORS,Data Feed Type - Hard Copy Agreement,IDX Feed,12
Memphis Area Association of REALTORS,Data Feed Type - Hard Copy Agreement,Back Office Feed,42
Metro MLS,Data Feed Type - Member Initiated with MLS,IDX Feed,38
Metro MLS,Data Feed Type - Member Initiated with MLS,Back Office Feed,472
Metro MLS,Data Feed Type - Hard Copy Agreement,IDX Feed,6
MetroList,Data Feed Type - CWS Initiated with MLS,Back Office Feed,18
MetroList,Data Feed Type - Member Initiated with MLS Portal,IDX Feed,5
MetroList,Data Feed Type - Hard Copy Agreement,Back Office Feed,1
MetroList,Data Feed Type - Hard Copy Agreement,IDX Feed,13
MetroList,Data Feed Type - CWS Initiated with MLS,IDX Feed,2
MIBOR Broker Listing Cooperative,Data Feed Type - Electronic Grid Agreement,Back Office Feed,18
MIBOR Broker Listing Cooperative,Data Feed Type - Electronic Grid Agreement,IDX Feed,8
Michigan Regional Information Center (MichRIC)Data,Feed Type - Hard Copy Agreement,IDX Feed,35
Middle Georgia MLS,Data Feed Type - CWS Initiated with MLS,Back Office Feed,14
Middle Georgia MLS,Data Feed Type - CWS Initiated with MLS,IDX Feed,14
MidKansas MLS,Data Feed Type - Electronic Grid Agreement,IDX Feed,2
MidKansas MLS,Data Feed Type - Electronic Grid Agreement,Back Office Feed,29
Midwest Real Estate Data (MRED),Data Feed Type - Electronic Grid Agreement,VOW Feed,15
Midwest Real Estate Data (MRED),Data Feed Type - Electronic Grid Agreement,Back Office Feed,6
Midwest Real Estate Data (MRED),Data Feed Type - Electronic Grid Agreement,IDX Feed,11
Minot Multiple Listing Service,Data Feed Type - Member Initiated with MLS,IDX Feed,18
MiRealSource,Data Feed Type - Hard Copy Agreement,IDX Feed,24
Mitchell Board of Realtors,Data Feed Type - CWS Initiated with MLS,IDX Feed,15
MLS Now,Data Feed Type - Electronic Trestle Agreement,Back Office Feed,3
MLS Now,Data Feed Type - Electronic Trestle Agreement,IDX Feed,8
MLS of Greater Cincinnati (CincyMLS),Data Feed Type - Member Initiated with MLS Portal,VOW Feed,4
MLS of Greater Cincinnati (CincyMLS),Data Feed Type - Member Initiated with MLS Portal,IDX Feed,99
MLS of Hilton Head Island (HHIMLS),Data Feed Type - CWS Initiated with MLS,IDX Feed,17
MLS of Hilton Head Island (HHIMLS),Data Feed Type - CWS Initiated with MLS,Back Office Feed,42
MLS of Southern Arizona,Data Feed Type - Hard Copy Agreement,IDX Feed,1
MLS of Southern Arizona,Data Feed Type - Hard Copy Agreement,Back Office Feed,40
MLS Property Information Network (MLS PIN),Data Feed Type - Hard Copy Agreement,VOW Feed,6
MLS Technology,Data Feed Type - Electronic Trestle Agreement,IDX Feed,5
MLS Technology,Data Feed Type - Hard Copy Agreement,Back Office Feed,29
MLS Technology,Data Feed Type - Hard Copy Agreement,IDX Feed,23
MLS United,Data Feed Type - CWS Initiated with MLS,IDX Feed,8
MLS United,Data Feed Type - CWS Initiated with MLS,VOW Feed,18
MLS United,Data Feed Type - CWS Initiated with MLS,Back Office Feed,10
MLSListings,Data Feed Type - Member Initiated with MLS,IDX Feed,14
MLSListings,Data Feed Type - Hard Copy Agreement,Back Office Feed,57
MLSListings,Data Feed Type - Hard Copy Agreement,IDX Feed,16
MLSOK,Data Feed Type - Member Initiated with MLS,IDX Feed,410
MLSOK,Data Feed Type - Electronic Grid Agreement,IDX Feed,53
MLSOK,Data Feed Type - Electronic Trestle Agreement,IDX Feed,10
Monmouth Ocean Regional Multiple Listing ServiData,Feed Type - CWS Initiated with MLS,Back Office Feed,1
Monmouth Ocean Regional Multiple Listing ServiData,Feed Type - CWS Initiated with MLS,IDX Feed,16
Montana Regional MLS,Data Feed Type - Electronic Trestle Agreement,IDX Feed,2
Montgomery Area Association of REALTORS,Data Feed Type - Electronic Trestle Agreement,IDX Feed,1
Montgomery Area Association of REALTORS,Data Feed Type - Electronic Trestle Agreement,Back Office Feed,27
Mount Rushmore Area Association of REALTORSData,Feed Type - Member Initiated with MLS,IDX Feed,20
Mount Rushmore Area Association of REALTORSData,Feed Type - Member Initiated with MLS,Back Office Feed,20
Mountain Lakes Board of REALTORS,Data Feed Type - CWS Initiated with MLS,Back Office Feed,34
Mountain Lakes Board of REALTORS,Data Feed Type - CWS Initiated with MLS,IDX Feed,57
Multiple Listing Service of Bonita SpringsEstero,Data Feed Type - Member Initiated with MLS,VOW Feed,32
Multiple Listing Service of Spartanburg,Data Feed Type - Hard Copy Agreement,IDX Feed,54
Multiple Listing Service of Spartanburg,Data Feed Type - Electronic Grid Agreement,VOW Feed,13
Multiple Listing Service of Spartanburg,Data Feed Type - Electronic Grid Agreement,IDX Feed,6
Muscatine Multiple Listing Service,Data Feed Type - Member Initiated with MLS,Back Office Feed,57
Muscatine Multiple Listing Service,Data Feed Type - Member Initiated with MLS,IDX Feed,56
Naples Area Board of REALTORS,Data Feed Type - Member Initiated with MLS Portal,IDX Feed,41
New Jersey MLS,Data Feed Type - Hard Copy Agreement,IDX Feed,23
New Jersey MLS,Data Feed Type - Member Initiated with MLS Portal,IDX Feed,2
NoCoast MLS,Data Feed Type - Electronic Grid Agreement,IDX Feed,22
NoCoast MLS,Data Feed Type - Electronic Grid Agreement,Back Office Feed,70
North Carolina Regional MLS,Data Feed Type - CWS Initiated with MLS,IDX Feed,10
North Carolina Regional MLS,Data Feed Type - Hard Copy Agreement,IDX Feed,44
North Carolina Regional MLS,Data Feed Type - CWS Initiated with MLS,Back Office Feed,99
North Carolina Regional MLS,Data Feed Type - Hard Copy Agreement,VOW Feed,21
North Central Mississippi Board of REALTORS,Data Feed Type - CWS Initiated with MLS,IDX Feed,1
North Texas Real Estate Information Systems (NTData,Feed Type - Hard Copy Agreement,IDX Feed,3
Northeast Arkansas Board of REALTORS,Data Feed Type - Hard Copy Agreement,IDX Feed,7
Northeast Central Association of REALTORS,Data Feed Type - Member Initiated with MLS,IDX Feed,20
Northeast Georgia Board of REALTORS,Data Feed Type - CWS Initiated with MLS,IDX Feed,1
Northeast Iowa Regional Board of REALTORS,Data Feed Type - Electronic Grid Agreement,Back Office Feed,13
Northeast Iowa Regional Board of REALTORS,Data Feed Type - Electronic Grid Agreement,IDX Feed,13
Northeast Mississippi Board of REALTORS,Data Feed Type - Member Initiated with MLS,IDX Feed,7
Northeast Oklahoma Board of REALTORS,Data Feed Type - CWS Initiated with MLS,IDX Feed,12
Northeast South Dakota Association of REALTORData,Feed Type - CWS Initiated with MLS,Back Office Feed,62
Northeast South Dakota Association of REALTORData,Feed Type - CWS Initiated with MLS,IDX Feed,40
Northern Arizona Association of REALTORS,Data Feed Type - CWS Initiated with MLS,IDX Feed,38
Northern Great Lakes REALTORS MLS,Data Feed Type - Member Initiated with MLS Portal,IDX Feed,436
Northern Great Lakes REALTORS MLS,Data Feed Type - Hard Copy Agreement,IDX Feed,34
Northern Great Lakes REALTORS MLS,Data Feed Type - Hard Copy Agreement,Back Office Feed,50
Northern Kentucky Multiple Listing Service,Data Feed Type - CWS Initiated with MLS,IDX Feed,4
Northern Michigan MLS,Data Feed Type - Member Initiated with MLS,Back Office Feed,410
Northern Mountains of Pennsylvania MLS,Data Feed Type - CWS Initiated with MLS,IDX Feed,2
Northern Neck Association of Realtors,Data Feed Type - CWS Initiated with MLS,IDX Feed,8
Northern Nevada Regional MLS,Data Feed Type - CWS Initiated with MLS,IDX Feed,2
Northern Nevada Regional MLS,Data Feed Type - CWS Initiated with MLS,Back Office Feed,510
NorthstarMLS,Data Feed Type - Electronic Grid Agreement,IDX Feed,9
NorthstarMLS,Data Feed Type - Electronic Grid Agreement,Back Office Feed,20
NorthstarMLS,Data Feed Type - Electronic Grid Agreement,VOW Feed,4
Northwest Arkansas Board of REALTORS,Data Feed Type - Electronic Trestle Agreement,Back Office Feed,20
Northwest Arkansas Board of REALTORS,Data Feed Type - Electronic Trestle Agreement,IDX Feed,5
Northwest Illinois Alliance of Realtors (Rockford,Data Feed Type - Hard Copy Agreement,IDX Feed,47
Northwest Indiana Association of Realtors,Data Feed Type - Electronic Grid Agreement,Back Office Feed,11
Northwest Indiana Association of Realtors,Data Feed Type - Electronic Grid Agreement,IDX Feed,9
Northwest Iowa Regional Board of REALTORS,Data Feed Type - Hard Copy Agreement,Back Office Feed,13
Northwest Iowa Regional Board of REALTORS,Data Feed Type - Hard Copy Agreement,IDX Feed,13
Northwest Multiple Listing Service (NWMLS),Data Feed Type - Electronic Grid Agreement,IDX Feed,10
Northwest Ohio Real Estate Information SystemsData,Feed Type - Electronic Trestle Agreement,Back Office Feed,20
Northwest Ohio Real Estate Information SystemsData,Feed Type - Electronic Trestle Agreement,IDX Feed,7
Nova Scotia Association of REALTORS,Data Feed Type - Member Initiated with MLS Portal,Back Office Feed,57
NY State MLS,Data Feed Type - Hard Copy Agreement,IDX Feed,325
NY State MLS,Data Feed Type - Electronic Trestle Agreement,IDX Feed,3
Odessa Board of REALTORS,Data Feed Type - CWS Initiated with MLS,IDX Feed,10
OneKey MLS,Data Feed Type - Electronic Grid Agreement,IDX Feed,3
OneKey MLS,Data Feed Type - Electronic Grid Agreement,Back Office Feed,68
Oregon Data Share,Data Feed Type - Hard Copy Agreement,IDX Feed,567
Oregon Data Share,Data Feed Type - CWS Initiated with MLS,IDX Feed,26
Ottawa Real Estate Board,Data Feed Type - Member Initiated with MLS,IDX Feed,91
Ottawa Real Estate Board,Data Feed Type - Member Initiated with MLS Portal,VOW Feed,7
Ottawa Real Estate Board,Data Feed Type - Member Initiated with MLS Portal,IDX Feed,12
Outer Banks Association of REALTORS,Data Feed Type - Hard Copy Agreement,IDX Feed,40
Outer Banks Association of REALTORS,Data Feed Type - Hard Copy Agreement,Back Office Feed,388
Ozark Gateway Association of REALTORS,Data Feed Type - CWS Initiated with MLS,Back Office Feed,2
Pacific Regional MLS,Data Feed Type - Hard Copy Agreement,Back Office Feed,42
Pacific Regional MLS,Data Feed Type - Hard Copy Agreement,VOW Feed,22
Pacific Regional MLS,Data Feed Type - Hard Copy Agreement,IDX Feed,77
Pampa Association of REALTORS,Data Feed Type - Hard Copy Agreement,Back Office Feed,250
Pampa Association of REALTORS,Data Feed Type - Member Initiated with MLS,IDX Feed,391
Park City Board of REALTORS,Data Feed Type - Hard Copy Agreement,IDX Feed,4
Pee Dee REALTOR Association,Data Feed Type - Member Initiated with MLS Portal,IDX Feed,12
Pensacola Association of REALTORS,Data Feed Type - CWS Initiated with MLS,IDX Feed,7
Permian Basin Board of REALTORS,Data Feed Type - Hard Copy Agreement,IDX Feed,3
Permian Basin Board of REALTORS,Data Feed Type - Hard Copy Agreement,Back Office Feed,3
Permian Basin Board of REALTORS,Data Feed Type - CWS Initiated with MLS,IDX Feed,25
Pierre Area MLS,Data Feed Type - CWS Initiated with MLS,IDX Feed,3
Pikes Peak REALTOR Services,Data Feed Type - Hard Copy Agreement,Back Office Feed,19
Pikes Peak REALTOR Services,Data Feed Type - Hard Copy Agreement,IDX Feed,6
PikeWayne Association of REALTORS,Data Feed Type - Electronic Grid Agreement,IDX Feed,4
PikeWayne Association of REALTORS,Data Feed Type - Electronic Grid Agreement,Back Office Feed,7
Plumas Association of REALTORS,Data Feed Type - Hard Copy Agreement,IDX Feed,34
Pocono Mountains Association of REALTORS,Data Feed Type - Hard Copy Agreement,IDX Feed,1
Prescott Area Association of REALTORS,Data Feed Type - Electronic Grid Agreement,IDX Feed,17
Pueblo Association of REALTORS,Data Feed Type - CWS Initiated with MLS,VOW Feed,1
Real Estate Information Network (REIN),Data Feed Type - CWS Initiated with MLS,IDX Feed,1
Realcomp,Data Feed Type - Hard Copy Agreement,IDX Feed,7
realMLS (Northeast Florida Multiple Listing ServiData,Feed Type - CWS Initiated with MLS,VOW Feed,11
realMLS (Northeast Florida Multiple Listing ServiData,Feed Type - CWS Initiated with MLS,Back Office Feed,6
realMLS (Northeast Florida Multiple Listing ServiData,Feed Type - CWS Initiated with MLS,IDX Feed,6
REALTOR Association of Franklin & Gulf CountiesData,Feed Type - Hard Copy Agreement,VOW Feed,18
REALTOR Association of Southern Minnesota,Data Feed Type - Hard Copy Agreement,Back Office Feed,13
REALTOR Association of Southern Minnesota,Data Feed Type - Hard Copy Agreement,IDX Feed,13
REALTOR Association of the Sioux Empire,Data Feed Type - Member Initiated with MLS,Back Office Feed,47
REALTOR Association of the Sioux Empire,Data Feed Type - Member Initiated with MLS,IDX Feed,82
REALTOR Association of the Sioux Empire,Data Feed Type - Hard Copy Agreement,IDX Feed,22
REALTOR Association of the Sioux Empire,Data Feed Type - Member Initiated with MLS Portal,IDX Feed,40
REALTORS Association of Citrus County,Data Feed Type - Electronic Trestle Agreement,IDX Feed,49
REALTORS Association of Indian River County,Data Feed Type - Electronic Trestle Agreement,VOW Feed,13
REALTORS Association of Indian River County,Data Feed Type - Electronic Trestle Agreement,Back Office Feed,31
REALTORS Association of Indian River County,Data Feed Type - Electronic Trestle Agreement,IDX Feed,17
REALTORS Association of Northwestern WisconsiData,Feed Type - Electronic Trestle Agreement,IDX Feed,6
REALTORS Association of Northwestern WisconsiData,Feed Type - Electronic Trestle Agreement,VOW Feed,25
realtracs,Data Feed Type - Electronic Grid Agreement,Back Office Feed,4
realtracs,Data Feed Type - Electronic Grid Agreement,IDX Feed,6
REColorado,Data Feed Type - Electronic Grid Agreement,Back Office Feed,5
REColorado,Data Feed Type - Electronic Grid Agreement,IDX Feed,9
REColorado,Data Feed Type - Hard Copy Agreement,Back Office Feed,60
REColorado,Data Feed Type - Hard Copy Agreement,IDX Feed,2
Reelfoot Regional Association of REALTORS,Data Feed Type - Electronic Grid Agreement,IDX Feed,42
Regional Multiple Listing Service (RMLS),Data Feed Type - Hard Copy Agreement,Back Office Feed,292
Regional Multiple Listing Service (RMLS),Data Feed Type - Hard Copy Agreement,IDX Feed,5
Rhode Island Association of REALTORS & StateWData,Feed Type - Electronic Trestle Agreement,IDX Feed,9
Rio Grande Valley Multiple Listing Service,Data Feed Type - Member Initiated with MLS,IDX Feed,6
River Counties Association of REALTORS,Data Feed Type - CWS Initiated with MLS,IDX Feed,30
RMLS Alliance,Data Feed Type - Electronic Grid Agreement,VOW Feed,14
RMLS Alliance,Data Feed Type - Electronic Grid Agreement,IDX Feed,4
RMLS Alliance,Data Feed Type - Electronic Grid Agreement,Back Office Feed,15
Roanoke Valley Association of REALTORS,Data Feed Type - Hard Copy Agreement,IDX Feed,35
Roanoke Valley Lake Gaston Board of REALTORSData,Feed Type - CWS Initiated with MLS,IDX Feed,11
Royal Gorge Association of REALTORS,Data Feed Type - CWS Initiated with MLS,Back Office Feed,12
Royal Gorge Association of REALTORS,Data Feed Type - CWS Initiated with MLS,IDX Feed,2
San Angelo Association of REALTORS,Data Feed Type - CWS Initiated with MLS,Back Office Feed,12
San Angelo Association of REALTORS,Data Feed Type - Member Initiated with MLS,Back Office Feed,445
San Angelo Association of REALTORS,Data Feed Type - CWS Initiated with MLS,IDX Feed,15
San Antonio Board of REALTORS,Data Feed Type - Hard Copy Agreement,Back Office Feed,15
San Antonio Board of REALTORS,Data Feed Type - Hard Copy Agreement,IDX Feed,12
San Diego MLS,Data Feed Type - Hard Copy Agreement,IDX Feed,1
San Francisco Association of REALTORS MLS,Data Feed Type - CWS Initiated with MLS,IDX Feed,2
San Juan County Board of REALTORS,Data Feed Type - Hard Copy Agreement,IDX Feed,54
Sanibel & Captiva Islands Association of REALTO,Data Feed Type - Hard Copy Agreement,IDX Feed,313
Santa Barbara Multiple Listing Service,Data Feed Type - Hard Copy Agreement,Back Office Feed,6
Santa Barbara Multiple Listing Service,Data Feed Type - CWS Initiated with MLS,VOW Feed,32
Santa Fe Association of REALTORS,Data Feed Type - Electronic Trestle Agreement,IDX Feed,13
Savannah MultiList Corporation,Data Feed Type - Electronic Trestle Agreement,IDX Feed,2
SEF MLS (Miami Association of REALTORS),Data Feed Type - Electronic Trestle Agreement,VOW Feed,16
SEF MLS (Miami Association of REALTORS),Data Feed Type - Electronic Trestle Agreement,IDX Feed,18
Selkirk Association of REALTORS,Data Feed Type - Member Initiated with MLS Portal,IDX Feed,5
Selkirk Association of REALTORS,Data Feed Type - Member Initiated with MLS Portal,Back Office Feed,26
Shasta Association of REALTORS,Data Feed Type - Hard Copy Agreement,Back Office Feed,19
SmartMLS,Data Feed Type - Hard Copy Agreement,IDX Feed,3
SmartMLS,Data Feed Type - Hard Copy Agreement,Back Office Feed,12
South Central Kansas MLS,Data Feed Type - Electronic Grid Agreement,Back Office Feed,97
South Central Kansas MLS,Data Feed Type - Electronic Grid Agreement,IDX Feed,7
South Central Wisconsin Multiple Listing Service,Data Feed Type - Hard Copy Agreement,IDX Feed,30
South Central Wisconsin Multiple Listing Service,Data Feed Type - Hard Copy Agreement,Back Office Feed,20
South Georgia MLS,Data Feed Type - CWS Initiated with MLS,IDX Feed,10
South Jersey Shore Regional MLS,Data Feed Type - Hard Copy Agreement,Back Office Feed,42
South Jersey Shore Regional MLS,Data Feed Type - Hard Copy Agreement,IDX Feed,119
South Tahoe Association of REALTORS,Data Feed Type - CWS Initiated with MLS,VOW Feed,4
South Tahoe Association of REALTORS,Data Feed Type - CWS Initiated with MLS,IDX Feed,6
South Texas Multiple Listing Service,Data Feed Type - Electronic Trestle Agreement,IDX Feed,4
Southern Indiana REALTOR Association,Data Feed Type - Electronic Trestle Agreement,IDX Feed,18
Southern Kentucky MLS (REIS),Data Feed Type - Hard Copy Agreement,IDX Feed,69
Southern Missouri Regional MLS,Data Feed Type - Electronic Grid Agreement,Back Office Feed,66
Southern Missouri Regional MLS,Data Feed Type - Electronic Grid Agreement,IDX Feed,16
Southern New Mexico MLS,Data Feed Type - Electronic Grid Agreement,IDX Feed,13
Southern New Mexico MLS,Data Feed Type - Electronic Trestle Agreement,Back Office Feed,13
Southern New Mexico MLS,Data Feed Type - Electronic Grid Agreement,Back Office Feed,13
Southern Oregon MLS,Data Feed Type - CWS Initiated with MLS,IDX Feed,119
Southern Piedmont Land & Lake Association of,Data Feed Type - CWS Initiated with MLS,Back Office Feed,409
Southwest Georgia MLS,Data Feed Type - CWS Initiated with MLS,IDX Feed,50
Southwest MLS,Data Feed Type - Electronic Trestle Agreement,Back Office Feed,1
Southwest MLS,Data Feed Type - Electronic Trestle Agreement,IDX Feed,4
Southwest Virginia Association of REALTORS,Data Feed Type - Hard Copy Agreement,IDX Feed,23
Space Coast (Brevard MLS),Data Feed Type - CWS Initiated with MLS,IDX Feed,65
Space Coast (Brevard MLS),Data Feed Type - CWS Initiated with MLS,Back Office Feed,43
Space Coast (Brevard MLS),Data Feed Type - CWS Initiated with MLS,VOW Feed,21
Spokane Association of REALTORS,Data Feed Type - Electronic Grid Agreement,Back Office Feed,11
Spokane Association of REALTORS,Data Feed Type - Hard Copy Agreement,IDX Feed,6
Spokane Association of REALTORS,Data Feed Type - Electronic Grid Agreement,IDX Feed,54
Staten Island Multiple Listing Service,Data Feed Type - CWS Initiated with MLS,VOW Feed,57
Staten Island Multiple Listing Service,Data Feed Type - CWS Initiated with MLS,IDX Feed,81
Stellar MLS,Data Feed Type - Electronic Grid Agreement,IDX Feed,10
Stellar MLS,Data Feed Type - Electronic Grid Agreement,Back Office Feed,25
Stellar MLS,Data Feed Type - Electronic Grid Agreement,VOW Feed,22
Strategic MLS Alliance,Data Feed Type - Hard Copy Agreement,Back Office Feed,20
Strategic MLS Alliance,Data Feed Type - CWS Initiated with MLS,IDX Feed,7
Strategic MLS Alliance,Data Feed Type - Hard Copy Agreement,IDX Feed,26
Summit MLS,Data Feed Type - Electronic Trestle Agreement,IDX Feed,3
Sumter Board of REALTORS,Data Feed Type - CWS Initiated with MLS,IDX Feed,16
Sun Valley Board of REALTORS,Data Feed Type - CWS Initiated with MLS,Back Office Feed,47
Sunflower Association of REALTORS,Data Feed Type - Electronic Grid Agreement,IDX Feed,7
Tahoe Sierra Board of REALTORS,Data Feed Type - CWS Initiated with MLS,VOW Feed,3
Taos County Association of REALTORS,Data Feed Type - Electronic Trestle Agreement,IDX Feed,4
Tehama County Association of REALTORS,Data Feed Type - Electronic Trestle Agreement,Back Office Feed,6
Tehama County Association of REALTORS,Data Feed Type - Hard Copy Agreement,Back Office Feed,44
Tehama County Association of REALTORS,Data Feed Type - Electronic Trestle Agreement,IDX Feed,6
Tehama County Association of REALTORS,Data Feed Type - Hard Copy Agreement,IDX Feed,44
Tennessee Virginia Regional MLS,Data Feed Type - CWS Initiated with MLS,Back Office Feed,28
Tennessee Virginia Regional MLS,Data Feed Type - CWS Initiated with MLS,IDX Feed,19
Teton Board of REALTORS,Data Feed Type - CWS Initiated with MLS,Back Office Feed,29
Texarkana Board of REALTORS,Data Feed Type - Hard Copy Agreement,IDX Feed,79
Texas REALTORS MLS,Data Feed Type - Member Initiated with MLS,Back Office Feed,242
The MLS (CLAW),Data Feed Type - Hard Copy Agreement,Back Office Feed,118
The MLS (CLAW),Data Feed Type - Hard Copy Agreement,IDX Feed,11
The MLS (CLAW),Data Feed Type - Member Initiated with MLS,IDX Feed,253
Thomasville Area Board of REALTORS,Data Feed Type - CWS Initiated with MLS,IDX Feed,31
Toronto Regional Real Estate Board,Data Feed Type - Member Initiated with MLS Portal,IDX Feed,3
Toronto Regional Real Estate Board,Data Feed Type - Member Initiated with MLS Portal,Back Office Feed,16
Toronto Regional Real Estate Board,Data Feed Type - Member Initiated with MLS,IDX Feed,1
Triad MLS,Data Feed Type - Member Initiated with MLS Portal,IDX Feed,17
Triad MLS,Data Feed Type - Member Initiated with MLS Portal,Back Office Feed,42
Upper Cumberland Association of REALTORS,Data Feed Type - CWS Initiated with MLS,IDX Feed,47
Upper Cumberland Association of REALTORS,Data Feed Type - CWS Initiated with MLS,Back Office Feed,21
Upstate New York Real Estate Information Servi,Data Feed Type - Electronic Trestle Agreement,VOW Feed,213
Upstate New York Real Estate Information Servi,Data Feed Type - Electronic Trestle Agreement,IDX Feed,27
UtahRealEstatecom,Data Feed Type - Member Initiated with MLS Portal,IDX Feed,13
UtahRealEstatecom,Data Feed Type - Member Initiated with MLS Portal,Back Office Feed,388
Vail MultiList Service,Data Feed Type - Hard Copy Agreement,IDX Feed,20
Vail MultiList Service,Data Feed Type - CWS Initiated with MLS,IDX Feed,4
ValleyMLScom,Data Feed Type - Member Initiated with MLS Portal,Back Office Feed,45
ValleyMLScom,Data Feed Type - Member Initiated with MLS Portal,IDX Feed,22
Vicksburg Warren County Board of REALTORS,Data Feed Type - Member Initiated with MLS,IDX Feed,6
Vicksburg Warren County Board of REALTORS,Data Feed Type - CWS Initiated with MLS,Back Office Feed,31
Waco Association of REALTORS,Data Feed Type - Electronic Trestle Agreement,IDX Feed,6
Walker Area Association of REALTORS,Data Feed Type - CWS Initiated with MLS,IDX Feed,55
Warren County Board of REALTORS,Data Feed Type - Member Initiated with MLS,IDX Feed,320
West Alabama Multiple Listing Service,Data Feed Type - Electronic Trestle Agreement,IDX Feed,34
West Alabama Multiple Listing Service,Data Feed Type - Electronic Trestle Agreement,VOW Feed,56
West Branch Valley Board of REALTORS,Data Feed Type - CWS Initiated with MLS,IDX Feed,12
West Central Association of REALTORS (MO),Data Feed Type - Hard Copy Agreement,Back Office Feed,36
West Central Association of REALTORS (MO),Data Feed Type - Member Initiated with MLS Portal,IDX Feed,7
West Penn MultiList,Data Feed Type - Electronic Trestle Agreement,Back Office Feed,20
West Penn MultiList,Data Feed Type - Electronic Trestle Agreement,VOW Feed,213
West Penn MultiList,Data Feed Type - Electronic Trestle Agreement,IDX Feed,7
Western Kentucky Regional MLS,Data Feed Type - Member Initiated with MLS,IDX Feed,12
Western Kentucky Regional MLS,Data Feed Type - Member Initiated with MLS,Back Office Feed,12
Western New York Real Estate Information ServiData,Feed Type - Electronic Trestle Agreement,IDX Feed,27
Western New York Real Estate Information ServiData,Feed Type - Electronic Trestle Agreement,VOW Feed,213
Western Upstate Multiple Listing Service,Data Feed Type - Electronic Trestle Agreement,IDX Feed,14
Western Upstate Multiple Listing Service,Data Feed Type - Electronic Trestle Agreement,Back Office Feed,53
Willamette Valley MLS,Data Feed Type - CWS Initiated with MLS,IDX Feed,28
Williamsburg Multiple Listing Service,Data Feed Type - Electronic Trestle Agreement,IDX Feed,2
Wisconsin Real Estate Exchange (WIREX),Data Feed Type - Hard Copy Agreement,IDX Feed,187
Yuma Association of REALTORS,Data Feed Type - Hard Copy Agreement,IDX Feed,45
